{
	"description": "项目配置文件",
	"packOptions": {
		"ignore": []
	},
	"setting": {
		"urlCheck": true,
		"es6": true,
		"postcss": true,
		"minified": true,
		"newFeature": true,
		"autoAudits": false
	},
	"compileType": "miniprogram",
	"libVersion": "2.4.2",
	"appid": "wx4e4a310bf1cbe5ab",
	"projectname": "ColorUI-template",
	"debugOptions": {
		"hidedInDevtools": []
	},
	"isGameTourist": false,
	"simulatorType": "wechat",
	"simulatorPluginLibVersion": {},
	"condition": {
		"search": {
			"current": -1,
			"list": []
		},
		"conversation": {
			"current": -1,
			"list": []
		},
		"plugin": {
			"current": -1,
			"list": []
		},
		"game": {
			"currentL": -1,
			"list": []
		},
		"gamePlugin": {
			"current": -1,
			"list": []
		},
		"miniprogram": {
			"current": -1,
			"list": [
				{
					"id": 0,
					"name": "校园活动",
					"pathName": "pages/xiaoyuan/xiaoyuan",
					"query": "",
					"scene": null
				},
				{
					"id": -1,
					"name": "活动详情",
					"pathName": "pages/xiangqing/xiangqing",
					"query": "",
					"scene": null
				},
				{
					"id": -1,
					"name": "报名",
					"pathName": "pages/baoming/baoming",
					"scene": null
				}
			]
		}
	}
}