{
	"description": "项目配置文件",
	"packOptions": {
		"ignore": []
	},
	"setting": {
		"urlCheck": true,
		"es6": true,
		"enhance": true,
		"postcss": true,
		"minified": true,
		"newFeature": true,
		"coverView": true,
		"autoAudits": false,
		"showShadowRootInWxmlPanel": true,
		"scopeDataCheck": false,
		"checkInvalidKey": true,
		"checkSiteMap": true,
		"uploadWithSourceMap": true,
		"babelSetting": {
			"ignore": [],
			"disablePlugins": [],
			"outputPath": ""
		},
		"useCompilerModule": true,
		"userConfirmedUseCompilerModuleSwitch": false
	},
	"compileType": "miniprogram",
	"libVersion": "2.4.2",
	"appid": "wxe28bb23826f3d9d8",
	"projectname": "youdianle",
	"debugOptions": {
		"hidedInDevtools": []
	},
	"isGameTourist": false,
	"simulatorType": "wechat",
	"simulatorPluginLibVersion": {},
	"condition": {
		"search": {
			"current": -1,
			"list": []
		},
		"conversation": {
			"current": -1,
			"list": []
		},
		"plugin": {
			"current": -1,
			"list": []
		},
		"game": {
			"currentL": -1,
			"list": []
		},
		"gamePlugin": {
			"current": -1,
			"list": []
		},
		"miniprogram": {
			"current": -1,
			"list": [
				{
					"id": 0,
					"name": "校园活动",
					"pathName": "pages/xiaoyuan/xiaoyuan",
					"query": "",
					"scene": null
				},
				{
					"id": 1,
					"name": "校园活动详情",
					"pathName": "pages/xiaoyuanxiangqing/xiaoyuanxiangqing",
					"query": "categoryId=1025873553653760",
					"scene": null
				},
				{
					"id": 2,
					"name": "报名",
					"pathName": "pages/baoming/baoming",
					"query": "",
					"scene": null
				},
				{
					"id": 3,
					"name": "评论列表",
					"pathName": "pages/pinlunliebiao/pinlunliebiao",
					"query": "categoryId=1025873553653760&objtitle= 浙江大学三周年典演出季--歌舞表演",
					"scene": null
				},
				{
					"id": 4,
					"name": "查看回复",
					"pathName": "pages/chakanhuifu/chakanhuifu",
					"query": "id=10427837156687872",
					"scene": null
				},
				{
					"id": -1,
					"name": "首页",
					"pathName": "pages/index/index",
					"query": "",
					"scene": null
				},
				{
					"id": 7,
					"name": "我的",
					"pathName": "pages/MyPages/my/my",
					"query": "",
					"scene": null
				},
				{
					"id": -1,
					"name": "校园",
					"pathName": "pages/xiaoyuan/xiaoyuan",
					"query": "",
					"scene": null
				},
				{
					"id": -1,
					"name": "发布报名",
					"pathName": "pages/form_launch/form_launch",
					"query": "",
					"scene": null
				},
				{
					"id": 9,
					"name": "运动详情",
					"pathName": "pages/yundongxiangqing/yundongxiangqing",
					"query": "categoryId= 19926042940538880&Title=运动详情&TabCur=1",
					"scene": null
				},
				{
					"id": -1,
					"name": "补充信息",
					"pathName": "pages/form_activity/form_activity",
					"query": "",
					"scene": null
				},
				{
					"id": -1,
					"name": "组团队",
					"pathName": "pages/form_team/form_team",
					"query": "",
					"scene": null
				},
				{
					"id": 13,
					"name": "选择团队1",
					"pathName": "pages/xuanzetuandui1/xuanzetuandui1",
					"query": "lid=11878394752925696",
					"scene": null
				},
				{
					"id": 13,
					"name": "选择团队2",
					"pathName": "pages/xuanzetuandui2/xuanzetuandui2",
					"query": "id= 16937976625889280&name=123&logo=https://sys-1301681474.cos.ap-shanghai.myqcloud.com/comm/logo200.png",
					"scene": null
				},
				{
					"id": -1,
					"name": "团队信息",
					"pathName": "pages/tuanduixinxi/tuanduixinxi",
					"query": "",
					"scene": null
				},
				{
					"id": -1,
					"name": "资料",
					"pathName": "pages/ziliao/ziliao",
					"query": "",
					"scene": null
				},
				{
					"id": 17,
					"name": "地址",
					"pathName": "pages/form_address/form_address",
					"query": "",
					"scene": null
				},
				{
					"id": -1,
					"name": "发布活动",
					"pathName": "pages/form_launch/form_launch",
					"query": "",
					"scene": null
				},
				{
					"id": -1,
					"name": "按id发视频",
					"pathName": "pages/form_actid_video/form_actid_video",
					"query": "",
					"scene": null
				},
				{
					"id": -1,
					"name": "搜索",
					"pathName": "pages/sousuo/sousuo",
					"query": "",
					"scene": null
				},
				{
					"id": -1,
					"name": "我的团队",
					"pathName": "pages/MyPages/my_team/my_team",
					"query": "",
					"scene": null
				},
				{
					"id": -1,
					"name": "pages/baoming/baoming",
					"pathName": "pages/baoming/baoming",
					"query": "lid=11878394752925696",
					"scene": null
				},
				{
					"id": -1,
					"name": "登录",
					"pathName": "pages/login/login",
					"query": "",
					"scene": null
				},
				{
					"id": -1,
					"name": "form",
					"pathName": "pages/form/form",
					"query": "",
					"scene": null
				}
			]
		}
	}
}